Naktadogg,PKJlMlN
Naktadogg,aomqofficial
xJanosklansx_UK,Tasty_Fr0do
GeekPills,Unclemase
wwe61614,Sarah6lv
144jasmine,Sarah6lv
TanLlbertyFund,iorellePage
njhspride,cherrybabeharry
Bring_Me_Kellin,chaethot
Bring_Me_Kellin,BieberDynamic
mxgcontweets,itsjozzrenee
MollyHedrick,jdfollowhelp
bclieberjb,Biebersfreak94
PhantasticBuns,BREASYA_
PhantasticBuns,AmbsChurch
karelllanzar,jdfollowhelp
Aestheticstrade,smarietrades
jdfollowhelp,julyeeaahxx
jdfollowhelp,FocusonBiebsR5
jdfollowhelp,alexxia_valdez
jdfollowhelp,bresap13
jdfollowhelp,jiffyhiffy
jdfollowhelp,JBizzlerauhl_
julyeeaahxx,jdfollowhelp
__jnicole,whatevrdoe
danke_yahoo,jdfollowhelp
itsjozzrenee,AmbsChurch
itsjozzrenee,mxgcontweets
Iris_Cinotti,scappoconiall
jiffyhiffy,jdfollowhelp
cherrybabeharry,njhspride
scappoconiall,cardinalindustr
scappoconiall,Iris_Cinotti
tassiedevil,NetflixANZ
neutrls,Mixhael5soss
JBVoteNow,noVote4Biebsus
noVote4Biebsus,JBVoteNow
EduMarquez9F,gc_marlnes
LozzCunnlngham,H0WARDOTHEGREAT
i_am_SHIZZI,NerdwithBalls
RoaaAdelRoOo,YaraMahmoudM
EllaTomlinson21,gobsmacked15
Secute_belieber,Biebersfreak94
Secute_belieber,jdfollowhelp
barkhadjama,Itsnotdatdeep
joshpan,robokidmusic
robokidmusic,joshpan
asvpxftsuicide,BieberDynamic
asvpxftsuicide,RepeatedJustin
asvpxftsuicide,lkkis
AmbsChurch,itsjozzrenee
AmbsChurch,PhantasticBuns
aomqofficial,Naktadogg
Power963net,BenMaurerwx
hannah_butler07,smarietrades
BenMaurerwx,Power963net
Ivy2061,DebnamSource
AC_Divine,DebnamSource
istandorkss,BTSJimin_PH
CraftyWhoop,bigboyjulzz
PKJlMlN,Naktadogg
PKJlMlN,aomqofficial
MarijanaaVukic,NiallsHeartX0
MarijanaaVukic,Biebersfreak94
MarijanaaVukic,JJustinDDrewBB
MarijanaaVukic,jdfollowhelp
CIGARMCCANN,njhspride
RepeatedJustin,asvpxftsuicide
brxxklynnights,LG_Blou
iorellePage,BiueDoors
iorellePage,lanTudor
BiueDoors,iorellePage
BiueDoors,LozzCunnlngham
BiueDoors,TanLlbertyFund
LG_Blou,brxxklynnights
piggybackrideAZ,alexxia_valdez
gc_marlnes,V4apese
Tasty_Fr0do,reml_conway
Tasty_Fr0do,JustinClark78
laurentbrady,1MattD
cardinalindustr,scappoconiall
rodrlgoclaclz,Hueca00
rodrlgoclaclz,Mfvp_5
NiallsHeartX0,Biebersfreak94
Lovxxxyourself,JBizzlerauhl_
FocusonBiebsR5,jdfollowhelp
lenovode,MicrosoftOEM
Itsnotdatdeep,barkhadjama
Bx_Smoov3,ProudWestIndian
JJustinDDrewBB,jdfollowhelp
Biebersfreak94,bclieberjb
Biebersfreak94,NiallsHeartX0
Biebersfreak94,Secute_belieber
NerdwithBalls,i_am_SHIZZI
ProudWestIndian,BwoyJalen
BieberDynamic,asvpxftsuicide
BieberDynamic,CIGARMCCANN
BwoyJalen,ProudWestIndian
alexxia_valdez,piggybackrideAZ
alexxia_valdez,Biebersfreak94
alexxia_valdez,jdfollowhelp
bee_gonz,FreddyDrizzy
Bizzledaddy94,Biebersfreak94
borderlinebiebs,jdfollowhelp
NourSwarka,mbizi_chivara
random_tammie,Melanyb12
Unclemase,WTOC11
Unclemase,GeekPills
bresap13,royalxbieber
bresap13,jdfollowhelp
JBizzlerauhl_,jdfollowhelp
JBizzlerauhl_,Lovxxxyourself
Blakeisgaming,NetflixANZ
lkkis,asvpxftsuicide
FreddyDrizzy,bee_gonz
Mixhael5soss,neutrls
